v1;v2;v3;v4;v5;v6;v7;v8;v9;v10;v11;v12;v13;v14;v15;v16;v17;v18;v19;v20;v21;v22;v23;v24;v25;v26;v27;v28;v29;v30;v31;v32;v33;v34;v35;v36;v37;v38;v39;v40;v41;v42;v43;v44;v45;v46;v47;v48;v49;v50;v51;v52;v53;v54;v55;v56;v57;v58;v59;v60;v61;v62;v63;v64;v65;v66;v67;v68;v69;v70;v71;v72;v73;v74;v75;v76;v77;v78;v79;v80;v81;v82;v83;v84;v85;v86;v87;v88;v89;v90;v91;v92;v93;v94;v95;v96;v97;v98;v99;v100
409;469;72;376;870;256;945;355;316;418;700;638;694;470;335;642;448;686;717;557;814;125;270;850;717;517;434;594;124;334;121;656;686;748;905;427;462;524;837;568;23;378;426;135;929;29;646;609;766;829;390;547;32;959;976;503;970;918;27;960;525;722;776;784;861;429;9;237;234;244;605;96;308;313;271;177;728;212;872;175;758;959;37;663;643;96;150;216;761;637;293;183;643;712;211;174;569;110;43;43
201;957;532;369;372;199;302;485;928;40;942;230;390;650;794;570;784;716;635;447;704;929;7;959;640;979;831;858;891;915;115;535;609;580;15;800;19;427;391;791;64;184;785;947;20;859;238;718;335;895;971;23;635;549;979;615;821;269;369;473;583;906;697;254;711;366;878;150;307;571;745;928;200;512;813;418;293;205;248;204;633;258;174;543;369;131;822;543;755;813;260;503;609;682;447;397;63;810;680;485
835;210;405;395;27;832;725;320;648;501;595;390;462;19;872;633;525;596;116;837;447;98;808;153;187;866;964;565;252;587;767;351;938;735;336;972;836;448;539;215;721;739;5;984;91;917;626;156;516;100;590;100;927;308;389;950;3;402;525;412;742;836;873;844;310;463;40;956;811;109;261;128;19;293;288;73;388;272;840;958;83;63;156;865;4;680;126;400;252;351;210;138;405;574;746;355;782;339;469;581
117;819;89;426;651;312;31;544;53;132;325;632;839;785;649;57;476;835;87;921;384;26;9;413;430;967;963;854;217;959;156;811;585;378;255;360;646;420;462;149;790;903;674;726;471;423;155;246;376;710;667;359;180;748;7;529;147;283;920;549;903;778;764;603;504;999;468;187;738;396;214;326;870;135;357;96;508;382;79;647;882;462;123;748;388;617;378;949;16;346;528;907;570;338;198;489;782;614;474;886
75;338;954;368;64;814;173;429;884;850;760;751;622;579;729;863;164;237;785;680;876;426;489;367;963;679;513;422;575;660;212;335;942;994;816;486;260;957;480;670;684;70;914;288;593;558;460;343;272;363;192;118;691;409;730;274;157;509;143;342;669;867;459;78;485;301;990;262;464;111;209;485;733;629;704;128;510;243;175;936;659;82;169;31;96;484;941;686;13;480;333;465;262;280;650;368;266;105;444;382
614;780;40;707;39;157;483;973;572;849;967;120;972;655;420;419;156;314;85;949;563;305;90;57;889;750;461;592;556;192;791;271;389;242;85;73;840;672;6;37;117;635;826;36;167;731;603;365;612;755;873;601;147;116;691;59;496;61;225;732;671;883;961;383;331;327;299;541;853;906;626;523;99;269;588;159;628;15;685;90;851;884;693;852;772;878;588;630;484;400;883;939;874;118;439;768;639;270;980;820
57;595;465;808;200;881;650;842;634;268;904;133;561;312;119;542;981;643;37;485;817;422;972;327;284;192;751;800;719;767;339;815;928;590;393;833;275;951;217;923;595;754;392;491;69;507;243;368;697;685;245;705;774;962;558;674;681;493;953;335;976;794;569;600;706;597;993;468;111;784;264;697;799;500;76;821;283;5;841;179;196;991;754;135;882;243;831;545;942;305;684;391;458;862;570;267;408;556;109;563
5;385;902;957;311;191;88;169;235;826;120;773;630;293;641;71;208;757;101;363;587;766;953;513;524;478;857;338;220;792;881;821;871;391;504;43;854;85;957;561;983;884;615;782;342;436;263;643;869;539;667;730;733;12;147;155;838;600;229;202;468;432;505;655;362;166;357;246;639;439;383;93;235;590;446;966;298;895;968;584;677;495;94;391;20;998;395;753;354;416;247;487;361;664;654;985;702;782;489;780
556;605;678;510;353;883;202;386;176;315;566;495;210;811;151;398;862;747;493;270;430;813;29;228;609;52;234;325;61;147;938;328;17;129;14;701;231;630;670;235;896;874;638;222;306;828;703;447;230;299;829;503;230;689;512;492;613;535;300;214;480;85;798;207;439;267;896;11;396;34;152;119;258;524;961;850;74;340;345;496;573;590;220;688;749;192;988;272;368;875;733;723;590;962;459;123;504;88;239;369
522;582;820;962;193;154;690;841;447;93;686;65;943;412;734;940;776;58;346;659;3;772;108;647;320;274;268;723;818;259;16;763;596;814;328;481;117;712;40;256;905;14;2;204;263;359;323;337;600;422;942;649;925;648;331;357;71;30;80;838;737;403;555;605;167;742;673;359;104;660;685;874;560;861;762;581;338;442;208;948;452;728;689;894;961;775;570;187;318;215;416;466;257;725;659;26;815;444;189;627
536;552;355;735;802;187;126;20;330;709;963;524;722;374;640;706;482;387;130;488;766;220;161;683;389;751;419;98;786;926;894;432;677;354;212;908;382;73;636;135;878;919;994;884;587;344;497;873;627;754;519;9;178;274;333;283;780;189;746;434;392;936;65;437;756;379;215;289;761;628;618;260;681;808;673;381;47;985;313;633;207;580;440;58;754;222;870;880;497;703;308;578;152;260;471;104;614;41;454;421
799;24;944;891;790;242;28;980;220;409;525;100;992;512;38;271;897;627;756;194;634;898;286;631;716;739;627;216;500;708;560;412;681;53;925;250;277;780;942;965;987;729;601;737;178;33;787;640;739;925;292;438;202;862;29;105;338;295;119;958;187;208;547;209;195;711;963;992;338;764;805;347;138;246;329;935;405;117;197;805;467;374;179;90;229;176;434;632;539;866;767;833;872;307;376;523;998;817;939;616
37;850;723;492;843;666;866;211;365;491;774;23;460;5;453;760;500;616;367;110;911;769;243;289;615;909;809;355;14;578;353;776;8;735;444;403;997;352;819;830;57;521;556;892;572;321;524;845;336;813;257;365;834;203;18;958;759;689;772;527;16;374;708;716;55;690;344;124;373;540;193;143;342;599;92;748;817;79;47;487;854;931;751;462;393;286;843;543;447;721;934;941;262;638;252;218;277;157;1;187
949;409;550;903;374;159;497;984;59;35;149;140;773;845;501;719;24;46;858;349;651;240;190;886;168;29;325;146;989;980;73;898;388;533;602;746;752;686;860;708;568;689;30;971;158;732;771;787;575;978;262;297;90;674;282;619;553;366;613;864;720;203;861;311;922;312;10;743;481;900;372;25;495;576;961;297;699;316;364;979;312;726;505;876;834;452;67;107;256;810;989;619;644;279;724;768;567;694;708;857
792;691;996;437;592;356;67;431;503;619;800;578;760;649;766;734;887;852;91;103;268;966;65;614;132;285;524;936;247;823;664;455;166;208;635;114;258;307;638;684;834;934;940;196;432;653;234;438;711;727;764;87;850;3;846;291;922;935;519;511;276;749;840;565;476;496;182;46;349;9;58;183;659;431;963;238;620;91;316;566;696;502;69;667;223;385;918;412;257;89;293;613;120;717;95;320;936;282;326;858
232;677;821;703;771;373;967;974;724;189;623;965;393;726;883;120;179;386;862;857;191;195;956;70;813;281;87;835;174;903;399;434;418;924;828;30;619;989;608;712;145;961;729;440;351;490;107;934;899;930;762;926;958;12;3;902;911;834;974;25;733;543;95;864;556;734;49;892;595;977;890;311;285;888;475;656;91;142;818;850;137;798;809;669;145;418;88;95;607;778;801;984;908;775;416;810;541;142;484;826
858;916;502;301;276;384;629;3;893;712;340;181;186;417;217;866;235;654;371;361;962;164;724;815;553;469;811;586;267;644;271;973;351;951;441;257;202;249;428;682;632;96;576;488;623;157;77;832;339;884;63;913;946;929;947;439;933;249;783;652;481;143;24;191;565;661;731;69;706;638;142;641;726;163;260;272;260;717;567;543;763;797;88;793;473;20;453;403;181;59;719;251;705;921;950;375;739;706;580;346
429;967;804;409;793;988;495;472;51;473;525;495;247;931;479;389;960;748;624;938;340;286;96;981;416;400;259;240;374;549;860;144;383;128;895;69;361;501;132;576;443;971;597;732;447;559;450;550;749;810;863;83;743;988;713;73;676;197;373;177;944;633;256;158;526;785;301;415;942;646;888;414;170;184;934;146;7;559;286;997;52;202;293;694;320;254;407;42;634;549;149;281;848;469;737;704;66;462;6;363
633;627;521;206;985;10;889;345;82;121;830;112;38;623;139;778;854;666;754;45;826;445;112;270;105;258;881;390;550;197;352;213;887;271;766;10;885;904;909;635;525;161;444;460;305;380;611;997;878;503;71;43;345;767;997;551;843;277;598;84;36;568;43;588;479;909;250;112;473;670;676;200;802;376;346;863;94;394;142;232;678;832;111;553;588;22;629;859;789;679;176;57;88;854;862;757;270;998;476;449
375;188;431;694;651;29;294;565;650;995;917;65;126;365;474;279;496;366;487;25;795;814;926;762;154;566;44;66;3;912;126;406;140;883;738;355;222;336;894;24;421;291;935;723;965;457;887;530;981;527;95;823;294;586;81;609;862;301;542;956;30;493;961;374;604;902;203;722;504;741;934;524;498;435;828;521;837;464;371;109;278;173;741;621;414;135;253;141;743;540;901;293;450;76;205;618;93;672;667;814
577;619;194;897;159;821;544;504;554;63;968;74;926;621;530;120;482;424;985;10;591;473;625;425;424;140;892;934;231;568;842;864;583;60;905;665;421;724;31;916;207;662;927;828;450;364;146;325;389;123;672;955;275;959;80;637;327;390;952;597;121;975;558;587;38;877;53;461;567;383;273;121;330;17;517;573;988;717;877;295;852;121;619;80;588;757;237;599;560;162;303;203;784;59;65;380;413;494;962;86
876;461;248;864;437;480;956;490;619;179;640;507;163;626;789;372;948;454;345;824;108;549;163;632;197;113;26;147;180;709;385;659;743;834;616;225;703;227;417;144;998;588;104;363;838;519;655;606;373;237;455;792;957;553;566;316;495;639;919;706;302;150;116;16;946;381;459;733;50;530;611;758;21;140;69;389;930;214;694;236;61;96;186;670;139;308;599;27;278;3;122;262;471;930;759;473;875;233;812;117
847;911;670;196;259;633;971;87;753;886;57;844;47;720;877;733;974;332;210;418;471;335;253;806;19;555;736;916;21;368;865;632;26;280;252;31;570;337;39;784;384;356;720;85;709;282;579;356;113;125;806;447;445;781;3;676;277;401;567;161;503;679;299;133;495;732;938;34;907;245;956;399;725;860;261;581;453;587;238;335;522;698;735;946;169;845;440;129;216;49;883;948;351;921;884;237;293;194;482;546
358;38;594;674;208;393;601;849;487;890;532;969;590;358;922;586;193;432;428;936;207;625;302;823;632;780;215;489;544;797;691;81;733;906;481;859;463;90;640;373;512;343;763;91;123;441;851;260;140;771;400;723;224;292;154;606;632;232;588;555;813;452;587;132;702;352;402;267;507;809;192;437;886;226;771;517;821;857;833;254;339;435;464;374;169;361;812;724;333;276;195;790;458;615;581;715;709;805;376;970
674;578;959;342;586;857;477;24;452;500;316;423;405;100;396;45;635;699;583;741;822;734;689;763;442;755;908;62;230;293;181;3;632;831;436;954;334;934;473;348;575;816;979;29;903;697;283;458;856;793;459;902;673;928;262;530;395;764;75;494;308;167;863;633;624;550;696;373;396;779;831;941;563;534;561;184;680;117;410;283;855;22;759;600;502;116;936;597;179;413;205;406;990;185;324;176;485;321;933;149
602;542;503;619;403;153;549;791;652;237;659;106;758;204;399;354;584;566;68;744;327;981;131;117;180;309;200;254;947;754;725;320;893;673;731;73;243;41;807;215;506;828;71;899;141;722;919;879;131;149;290;534;944;521;448;184;421;528;93;266;750;378;675;295;14;169;105;683;4;209;635;38;981;937;238;78;297;2;613;137;863;140;681;370;340;284;686;951;240;230;277;510;970;969;416;480;559;672;666;157
607;28;195;846;840;608;624;523;757;798;818;72;652;394;304;649;245;299;622;756;510;694;360;111;679;476;975;746;3;329;566;368;888;312;596;886;638;428;964;557;221;411;983;800;236;263;264;921;803;405;925;788;479;261;529;944;308;326;13;696;443;373;822;40;203;429;697;882;974;146;844;544;666;499;389;807;900;728;833;332;898;579;278;600;871;325;522;200;243;488;751;449;491;15;376;839;870;278;372;928
553;88;236;273;112;886;511;874;998;330;96;433;716;440;489;64;763;703;112;722;508;571;809;466;155;487;204;579;491;438;293;528;28;662;691;285;828;361;393;197;894;207;965;78;133;785;485;967;493;288;794;733;533;866;959;835;755;676;419;161;254;5;678;34;366;274;408;289;462;193;472;488;601;395;241;483;41;780;132;980;668;458;867;643;954;14;851;688;656;239;754;331;594;308;846;252;388;226;525;915
33;405;625;901;415;789;394;598;825;646;75;669;481;253;382;813;272;723;67;869;530;761;497;594;254;882;854;781;335;446;926;31;919;914;738;284;547;684;900;449;655;131;235;120;405;421;231;779;769;732;424;139;901;584;740;749;77;766;695;183;983;564;749;343;390;596;807;967;37;387;234;282;773;519;608;996;955;598;54;644;19;829;166;667;961;611;327;591;224;702;641;834;46;646;204;167;232;193;691;885
845;818;948;680;302;814;163;970;933;719;404;159;390;862;753;106;545;451;874;794;455;658;851;681;248;176;103;744;879;968;132;876;866;97;932;453;873;857;46;681;262;846;281;448;919;452;40;403;140;261;177;201;225;236;183;60;237;641;641;195;901;974;635;360;464;831;168;981;513;88;77;152;346;61;166;237;528;765;396;751;400;241;998;410;126;918;638;879;658;760;876;389;887;884;69;240;371;930;673;786
324;455;769;883;338;482;351;770;241;779;425;986;279;817;918;933;588;822;716;655;220;27;519;766;951;565;701;58;107;362;957;919;950;920;823;988;297;321;560;789;414;418;558;517;710;305;758;830;458;436;340;872;150;421;876;997;663;103;423;586;496;856;941;426;199;624;227;68;685;361;502;696;525;494;933;133;483;486;807;91;867;152;379;384;955;986;13;84;304;740;404;214;546;523;537;437;467;7;130;634
78;792;59;364;830;943;965;635;154;35;841;733;824;12;104;368;6;865;349;123;307;413;501;428;370;606;52;281;185;839;461;403;79;733;212;538;3;8;736;833;748;792;77;173;415;9;673;311;239;307;468;946;829;49;27;332;830;134;545;205;145;72;4;376;55;407;202;10;461;176;157;289;498;391;914;579;381;656;2;761;104;10;259;167;235;695;964;680;190;35;858;767;104;660;864;4;367;279;52;65
324;774;627;131;940;525;479;583;832;192;482;238;753;373;260;754;594;483;96;97;328;231;593;701;677;930;526;158;492;592;384;874;342;492;446;35;345;487;19;781;816;14;988;300;421;798;572;287;167;24;402;441;29;437;233;891;185;292;790;901;589;981;531;616;214;169;517;865;961;986;743;114;360;314;627;458;546;188;888;464;905;554;800;715;419;244;868;662;21;965;213;292;947;316;21;476;870;926;685;600
736;159;18;187;582;238;506;788;55;187;75;598;475;973;969;265;197;249;294;47;470;2;411;810;585;894;104;437;77;185;281;521;368;319;407;302;286;231;242;900;265;618;218;50;641;630;192;842;669;521;887;66;823;265;209;128;717;35;364;4;877;387;340;736;188;916;610;807;244;62;19;911;619;520;407;528;260;965;469;959;944;735;666;440;287;257;115;269;243;342;558;151;628;93;644;168;180;825;703;419
756;710;741;494;844;105;91;901;484;895;679;134;733;922;828;974;6;902;802;242;3;432;251;601;829;368;494;35;454;355;507;855;743;100;251;726;502;335;344;725;642;573;856;109;78;776;543;625;950;270;222;673;924;729;167;437;757;176;786;635;338;271;404;838;447;358;54;869;702;921;185;976;935;469;194;633;922;906;242;201;182;706;272;468;976;738;247;151;316;687;144;910;792;555;152;267;150;115;637;795
745;947;214;433;635;397;87;56;252;286;657;429;614;829;684;307;692;259;482;732;195;302;860;8;412;901;876;373;927;745;394;972;809;416;944;97;976;46;889;549;532;262;261;235;573;718;600;622;813;127;259;364;477;55;546;599;335;385;344;266;439;922;725;47;183;374;245;536;750;949;158;665;372;614;295;940;593;930;408;80;957;902;777;890;587;838;131;692;495;497;521;583;416;609;399;975;755;230;229;495
158;847;498;609;871;987;329;859;534;991;448;902;711;389;525;223;924;967;333;442;322;314;494;653;872;690;525;771;723;517;755;930;14;536;648;733;756;528;673;990;774;483;266;344;308;627;846;469;402;596;578;834;790;154;826;249;146;324;654;496;140;660;871;51;127;946;291;235;99;370;391;972;931;402;261;998;108;535;253;217;732;897;994;617;130;444;971;232;975;157;357;578;481;953;766;329;55;994;51;449
175;302;729;948;291;667;599;325;234;457;940;573;64;328;715;636;902;34;247;578;432;59;696;855;415;241;851;922;193;493;684;436;549;104;765;157;499;934;603;382;760;528;824;840;704;503;652;199;494;47;721;751;381;523;439;739;984;338;654;974;655;734;164;26;972;46;363;540;323;12;362;942;877;394;671;832;779;446;591;30;214;290;631;484;979;953;923;953;801;165;38;477;483;812;285;751;695;579;314;223
662;711;686;405;287;440;216;751;352;379;6;663;242;441;130;902;275;779;87;104;300;596;767;338;294;397;467;24;934;697;384;509;41;418;627;73;181;160;726;126;545;969;636;373;42;36;682;270;355;205;182;241;842;146;785;212;526;462;936;903;191;976;536;512;107;660;414;735;667;541;459;458;609;324;536;15;631;747;982;878;812;880;820;361;820;10;615;570;936;507;353;34;804;460;33;308;599;721;893;432
153;156;289;923;263;950;726;924;151;757;203;4;770;896;178;21;625;196;799;32;439;586;449;970;117;448;827;485;954;957;671;138;704;760;470;660;610;870;239;329;82;780;433;741;897;428;685;705;927;223;409;729;763;177;208;615;25;259;300;356;98;23;38;763;168;247;990;875;832;284;526;21;829;476;523;955;516;348;847;349;667;657;598;89;816;783;373;800;786;293;237;455;809;391;606;442;844;997;875;887
134;15;855;194;512;582;281;521;421;662;64;686;164;982;509;341;370;265;259;63;591;779;453;461;769;218;587;666;438;133;789;609;674;183;74;371;125;597;412;552;192;620;996;51;63;163;536;34;974;87;584;600;600;542;425;542;201;621;663;12;364;683;486;636;531;250;47;169;902;301;283;807;916;68;125;642;677;660;409;223;775;344;895;966;360;26;472;139;891;235;191;67;161;930;469;701;421;365;273;33
388;157;251;53;513;921;640;831;124;537;228;710;772;210;792;489;541;322;35;44;343;552;116;635;678;665;306;364;124;405;160;494;876;477;70;667;124;645;433;287;235;912;601;211;727;203;476;427;415;171;776;771;383;345;550;971;161;355;998;853;201;532;345;620;909;982;839;991;988;588;817;286;553;505;138;336;266;448;636;498;824;404;981;401;300;429;766;906;734;963;553;21;421;262;668;965;693;255;900;600
483;375;64;643;125;357;383;29;657;209;899;265;506;704;648;309;214;417;247;653;994;647;233;560;617;137;395;351;886;134;559;260;240;706;929;759;964;99;907;570;26;301;805;539;807;82;19;770;202;867;763;542;269;868;535;864;942;146;599;271;471;549;776;297;622;439;924;302;233;84;886;401;392;590;474;1;686;184;898;472;394;275;729;608;287;460;885;284;294;313;595;529;700;579;608;353;601;60;385;199
613;97;591;331;748;771;872;777;794;587;817;207;905;210;559;975;496;324;555;824;10;982;875;747;499;498;524;136;728;587;86;683;711;194;784;975;850;446;964;274;205;984;534;129;957;405;26;89;764;587;472;623;132;87;450;300;689;106;753;933;531;442;662;823;222;698;641;534;933;996;291;454;80;97;415;276;352;757;498;960;46;200;449;353;900;975;161;134;272;52;174;380;680;564;840;390;688;639;714;511
981;365;856;495;775;966;319;833;720;309;972;162;716;416;771;211;643;859;705;666;461;621;60;141;472;364;51;16;354;728;450;716;461;388;593;763;731;49;569;497;472;488;583;283;951;85;886;625;517;80;479;487;972;487;448;700;60;405;781;46;418;862;140;519;35;40;560;86;456;853;271;641;104;561;524;80;847;22;523;563;400;444;909;373;948;378;21;102;423;69;847;945;381;382;138;898;424;538;53;72
286;603;624;600;857;573;608;158;2;983;160;302;310;386;675;374;856;177;375;150;531;119;224;756;26;489;96;882;60;417;595;56;977;956;496;141;683;449;101;514;928;878;958;319;502;981;429;742;993;272;632;131;922;601;240;929;697;153;642;697;57;633;322;496;104;269;968;598;809;29;385;663;450;174;738;419;444;512;972;364;922;579;459;560;798;222;850;422;959;673;544;333;775;258;601;898;772;614;128;906
664;382;984;357;74;291;961;231;678;625;937;65;36;251;770;452;507;170;519;734;517;683;811;475;905;868;921;682;568;244;514;191;758;875;982;259;869;281;298;83;29;298;988;499;571;820;641;879;836;745;514;938;323;209;778;977;959;874;777;161;574;846;492;583;532;874;718;644;906;823;12;257;79;240;426;588;639;471;961;554;798;127;840;998;47;858;617;28;517;311;989;365;891;831;813;21;488;273;662;530
142;424;696;469;297;950;128;128;674;633;869;463;117;742;371;432;398;203;49;265;112;595;192;904;134;705;5;726;159;741;132;714;356;882;832;855;815;779;994;572;116;268;524;739;271;631;719;425;810;550;541;1;448;792;464;961;437;786;539;774;89;808;87;406;984;392;872;995;722;392;445;361;981;4;79;280;445;454;347;824;853;366;63;952;21;704;615;37;763;515;729;706;732;109;472;988;531;702;569;291
62;33;698;758;140;446;342;162;344;451;968;589;989;991;554;908;620;703;989;641;532;582;458;622;708;9;738;960;340;566;428;277;676;503;532;274;406;825;199;501;392;781;781;268;626;197;643;909;588;510;668;87;20;807;41;547;728;818;172;845;218;391;960;886;231;356;863;964;204;357;411;520;839;636;732;618;322;81;839;336;529;830;81;139;26;190;919;452;601;143;550;991;399;446;792;363;680;94;817;330
818;872;330;226;139;204;300;452;294;544;31;654;990;286;967;346;179;639;35;142;283;54;278;564;672;203;195;897;355;75;94;454;498;629;2;196;623;503;443;472;345;499;353;432;641;950;397;163;181;321;260;804;760;294;110;90;851;219;163;794;216;254;283;800;269;133;829;643;661;824;544;411;912;93;828;306;411;252;301;776;791;637;929;187;548;448;305;496;449;128;728;800;654;162;335;719;84;523;370;229
243;530;41;696;268;677;784;136;419;350;756;395;987;12;574;113;817;872;676;450;878;772;483;177;926;905;258;599;207;191;100;475;480;516;106;539;633;268;808;311;188;145;324;731;452;745;582;105;241;439;206;113;63;801;999;469;22;267;700;582;191;682;498;84;995;141;941;873;140;229;311;788;145;607;210;348;717;150;897;316;459;575;877;376;585;161;139;246;299;958;176;118;81;956;846;491;231;205;827;976
793;233;446;737;444;578;835;139;329;232;761;549;91;928;827;864;740;358;634;218;49;797;970;327;868;756;731;73;517;137;29;424;117;634;451;136;861;788;184;390;932;1;465;241;642;563;270;850;38;395;846;629;38;903;154;38;226;204;180;888;923;904;144;395;116;203;556;120;73;679;727;311;82;528;586;488;859;833;725;687;206;624;928;542;774;170;143;281;453;58;454;386;158;711;463;228;398;780;344;721
698;194;158;837;602;445;504;645;832;650;138;631;860;637;240;371;918;441;729;960;247;949;504;800;815;378;718;71;553;56;433;274;460;58;185;7;407;184;653;211;281;550;665;365;29;264;769;536;367;313;98;881;431;430;895;3;130;128;912;252;202;534;410;417;701;866;645;176;145;116;652;462;992;85;162;190;250;330;967;194;633;461;701;486;780;175;239;741;820;433;122;824;902;809;70;684;980;998;252;914
807;654;489;552;840;322;997;782;536;385;820;602;850;213;386;504;659;946;289;424;455;442;982;56;947;345;392;548;532;718;675;802;580;438;646;414;925;939;518;240;295;351;280;289;792;64;957;309;648;917;206;288;666;69;692;785;686;281;228;357;249;78;450;581;451;746;456;891;168;226;175;551;785;977;18;824;763;753;99;724;480;624;418;318;360;314;560;463;569;206;269;703;710;794;910;984;688;184;67;687
924;35;277;440;909;781;45;688;546;744;212;105;477;7;231;442;351;65;247;353;885;886;196;601;405;199;970;794;299;614;119;497;337;964;922;136;984;324;696;526;671;124;728;91;55;176;866;118;162;154;133;474;383;802;453;584;756;587;633;269;214;560;631;36;518;967;548;677;384;141;50;862;790;215;751;525;85;741;430;490;628;750;255;871;665;575;597;971;684;122;439;1;558;757;814;100;870;454;747;473
408;919;560;983;794;675;639;211;588;789;350;334;608;286;997;736;525;876;173;726;367;231;91;854;833;528;728;657;354;778;934;304;389;659;871;481;405;807;767;905;675;638;186;72;529;152;631;905;353;694;195;529;679;83;740;456;96;931;570;617;489;95;704;930;610;178;767;494;970;163;721;501;960;304;724;239;8;543;407;451;546;270;898;705;935;875;694;851;89;453;526;623;12;265;526;634;943;917;238;249
257;186;117;299;406;272;285;376;840;113;560;632;858;394;952;319;801;187;577;456;979;339;83;499;166;606;754;783;52;692;4;290;279;878;383;684;8;342;112;833;557;402;122;230;257;24;509;854;126;406;399;226;143;211;930;292;418;225;478;902;682;235;280;351;55;396;179;539;186;809;555;317;905;640;16;298;997;24;294;852;842;370;217;150;700;524;116;381;353;816;21;569;89;907;3;29;561;549;331;992
726;808;762;704;530;292;53;448;872;435;127;783;464;230;648;587;173;59;739;197;535;62;379;802;275;8;926;137;231;207;622;717;72;474;521;71;357;666;238;26;72;533;13;583;575;766;23;262;136;930;884;916;104;999;697;52;547;562;310;975;415;676;886;337;699;553;340;871;531;239;311;127;403;264;660;303;13;805;493;769;437;663;365;668;417;945;574;729;788;848;651;453;993;22;4;547;198;398;765;340
14;264;520;19;350;115;470;17;861;122;791;446;288;341;524;517;31;702;540;702;793;464;223;103;764;289;364;499;769;553;405;523;312;733;793;85;902;98;98;8;846;686;225;76;362;265;364;748;570;538;409;678;741;624;103;98;320;461;822;922;589;724;2;216;757;912;732;629;575;663;107;460;44;733;167;798;922;781;454;740;30;535;160;223;79;48;856;505;889;895;687;906;356;679;519;748;837;374;989;243
605;482;169;247;154;211;132;9;127;516;215;435;159;361;925;793;184;981;205;807;702;845;978;901;195;698;249;879;759;555;498;342;479;133;115;254;281;113;840;261;406;664;419;651;41;774;527;530;881;431;182;153;773;399;872;901;481;94;53;832;268;487;871;404;814;441;186;299;170;470;62;993;943;182;647;362;800;814;51;845;494;818;627;577;40;571;196;87;539;490;303;56;139;163;266;881;122;121;112;768
623;912;795;506;828;665;504;657;206;198;131;170;212;641;993;936;366;618;133;649;903;973;334;654;148;613;781;271;281;981;486;716;232;359;879;204;863;324;538;733;457;111;639;508;93;224;988;62;202;612;637;710;20;981;318;213;273;821;2;394;774;314;890;62;795;536;388;268;961;893;126;251;673;643;781;529;134;252;709;291;938;343;682;219;656;889;960;804;306;223;100;24;84;136;552;971;262;378;367;535
316;27;731;948;124;103;69;882;26;68;386;733;635;588;620;330;894;111;741;669;953;518;207;994;393;762;292;136;919;102;935;918;377;743;343;694;262;924;482;436;600;372;231;422;411;327;959;963;626;372;208;281;113;224;390;959;552;539;338;283;868;897;677;76;726;337;585;550;64;881;268;308;638;543;983;850;793;504;323;74;928;606;523;121;29;842;959;744;146;699;754;714;768;699;923;201;246;830;640;609
55;851;832;182;684;985;802;821;218;270;224;847;754;853;729;751;822;193;172;120;595;641;766;216;881;943;891;512;722;736;120;569;306;779;882;450;150;773;455;977;175;64;172;730;965;319;596;420;758;608;334;210;102;862;370;867;579;658;179;851;280;896;180;886;183;874;639;300;165;746;285;27;684;499;572;150;872;927;615;427;674;931;78;597;393;823;32;775;730;16;135;505;440;432;228;126;372;442;241;36
213;357;231;979;752;712;703;53;964;129;381;447;771;825;604;909;949;878;336;291;785;610;394;350;791;991;421;614;72;549;779;793;274;977;521;664;269;764;476;370;243;332;123;663;612;461;468;574;222;924;279;747;75;140;308;812;182;476;120;906;479;647;831;503;45;861;861;838;310;191;844;729;479;139;252;468;250;871;632;149;534;523;948;587;396;410;765;308;543;374;338;589;146;637;291;789;625;327;682;187
153;393;648;908;138;201;279;12;640;64;582;757;517;381;300;716;754;588;615;150;263;216;390;241;892;918;806;708;316;132;407;687;179;977;86;215;438;356;768;100;744;481;634;946;413;318;693;805;75;164;145;468;741;789;923;336;474;870;660;450;511;711;2;798;995;130;569;168;669;160;26;164;488;607;996;393;588;214;492;204;193;336;502;730;701;665;302;97;729;899;944;571;284;156;394;545;88;255;171;589
741;67;524;780;144;769;903;783;476;204;411;898;809;42;940;963;489;649;139;959;195;166;547;120;102;967;740;60;777;617;649;274;966;56;569;141;895;430;53;38;104;660;168;76;817;487;777;720;325;893;296;81;606;236;921;834;101;29;503;536;612;208;924;911;583;115;233;310;14;960;787;870;960;583;264;268;396;113;425;405;389;467;159;337;931;853;487;644;181;766;890;350;891;53;415;36;367;393;916;854
492;124;533;285;125;244;124;510;760;846;420;478;327;799;59;201;493;171;834;328;837;394;159;89;93;441;928;406;215;700;888;563;502;461;253;783;403;397;558;329;269;817;574;794;701;336;813;24;328;68;542;790;21;92;129;283;84;648;956;98;473;558;448;819;422;960;422;653;253;4;969;971;446;461;580;859;196;292;649;650;678;462;598;353;694;133;734;697;615;442;379;756;601;441;626;411;943;174;222;861
304;163;394;716;122;735;143;5;384;485;109;693;174;438;988;385;802;743;703;224;572;738;316;713;870;749;432;380;79;786;782;881;326;220;455;556;713;285;69;683;586;192;488;389;41;922;850;820;679;88;59;526;459;913;151;418;735;708;89;627;378;892;908;599;539;122;73;950;423;370;908;99;951;367;892;907;951;12;210;439;328;608;612;188;758;955;971;909;413;308;804;523;937;857;595;595;581;791;858;70
845;838;335;612;553;982;435;639;765;503;930;148;325;743;137;618;166;839;926;846;992;455;147;719;814;526;923;979;174;478;445;463;746;82;500;13;516;948;327;65;124;34;299;228;719;550;924;401;219;481;174;818;257;841;981;824;536;886;194;852;814;228;318;270;854;727;730;822;899;777;697;637;763;223;136;635;854;87;357;189;171;28;956;145;33;155;188;828;386;179;356;111;793;372;421;381;872;977;222;551
422;666;666;404;570;16;281;115;997;719;267;540;486;98;612;110;175;668;805;437;668;53;956;40;930;440;745;518;86;975;66;714;783;64;38;98;794;581;713;749;899;729;670;431;296;994;617;401;71;579;922;179;996;435;544;412;588;657;759;128;430;800;470;298;670;110;986;90;289;591;104;178;379;984;763;550;155;155;526;700;73;552;953;219;383;627;216;754;591;995;467;976;862;762;870;927;505;485;367;647
135;811;633;334;6;880;92;905;788;50;957;43;66;964;894;379;424;637;971;163;477;280;490;564;163;260;714;931;922;354;861;886;164;53;30;8;908;669;778;30;444;59;691;520;232;588;471;188;238;632;171;861;880;442;894;509;81;573;360;155;118;729;289;202;57;747;615;885;897;572;917;677;882;609;365;929;938;122;574;227;286;658;895;176;204;618;986;930;355;44;954;517;290;838;891;667;559;302;479;873
832;741;95;212;836;549;655;454;112;79;73;139;307;60;702;630;712;442;877;909;390;922;66;664;679;985;217;382;290;784;693;70;899;803;732;220;445;62;423;641;252;215;94;280;567;453;834;994;157;782;360;208;840;416;729;212;768;860;370;370;34;391;299;968;552;170;587;165;978;312;608;640;648;176;775;807;367;65;141;774;576;198;685;227;722;473;707;950;251;481;168;87;437;357;739;755;398;719;272;972
418;880;836;860;128;837;412;785;396;501;690;282;388;820;790;130;697;489;427;688;825;481;270;965;859;248;139;809;120;960;205;915;820;694;729;891;883;738;35;85;949;571;16;388;428;404;538;363;632;226;684;379;611;355;23;183;242;54;363;773;519;591;564;902;722;525;141;782;861;738;954;256;533;830;955;323;641;952;222;512;571;798;204;861;919;709;551;799;449;593;960;943;540;64;891;654;653;991;304;603
375;341;394;402;838;222;72;277;918;776;908;163;794;236;840;977;906;244;542;168;553;177;957;168;193;578;34;930;45;335;236;768;69;315;172;648;828;191;920;310;293;897;18;392;251;995;105;830;789;644;400;923;584;892;665;323;527;540;30;279;800;452;751;840;66;651;663;528;775;771;756;553;165;257;453;750;866;787;758;905;131;695;755;440;702;713;917;876;649;761;854;920;583;619;274;781;856;430;797;168
208;990;807;440;40;829;303;980;223;831;212;388;948;648;63;24;536;392;236;65;682;410;235;105;271;985;627;847;992;293;192;990;986;672;480;399;658;839;828;130;826;404;225;431;248;18;601;949;997;491;534;560;986;19;760;360;306;27;871;743;874;237;95;107;675;721;468;199;140;451;822;344;930;20;430;273;114;14;512;455;451;468;619;45;469;433;39;689;972;318;57;33;847;722;667;119;495;680;932;541
946;654;120;692;688;100;733;204;220;446;801;142;27;586;785;24;546;283;986;815;507;367;75;567;539;838;324;848;105;347;446;374;402;814;314;70;913;297;93;235;827;636;375;188;569;813;355;181;73;957;676;142;777;943;452;273;176;321;832;696;322;117;673;701;565;929;97;482;886;141;378;810;228;848;533;867;953;436;576;66;285;900;357;342;863;739;421;885;360;901;3;87;537;581;587;425;992;351;829;80
895;954;551;993;831;421;136;684;890;537;318;685;304;188;156;619;53;411;939;107;529;420;706;98;586;683;260;628;148;202;185;739;106;467;767;834;689;722;392;492;709;474;688;442;746;511;387;131;828;700;922;593;885;516;31;523;772;350;193;336;224;481;837;227;245;384;245;720;137;85;101;940;424;388;710;870;238;176;986;183;789;342;42;37;954;120;39;33;105;692;429;662;778;404;764;289;857;673;110;255
534;19;848;573;901;42;557;574;172;96;928;31;806;998;193;798;184;288;198;687;651;505;467;232;833;831;740;782;195;556;698;196;471;268;482;585;411;178;215;881;190;472;455;505;551;404;621;782;789;497;513;688;528;462;666;485;224;517;646;177;501;814;626;383;597;990;729;218;676;77;280;35;479;297;897;65;880;439;142;615;635;878;449;5;840;654;144;110;395;543;273;199;626;664;285;713;534;819;959;626
618;300;510;525;139;958;662;180;290;251;275;957;284;265;166;911;124;389;582;442;65;760;841;703;893;710;336;703;987;522;983;326;90;904;511;469;875;991;135;976;358;244;291;681;448;627;951;726;300;678;155;195;763;333;780;637;984;194;797;679;929;153;907;188;967;305;343;731;220;768;340;997;61;207;226;628;865;753;747;49;962;604;616;774;903;613;666;7;345;676;419;283;789;824;142;344;456;777;841;339
393;257;26;18;846;864;839;123;744;746;743;829;28;207;968;76;260;156;53;940;551;290;369;451;450;743;946;478;169;557;917;842;632;662;2;977;337;134;875;911;724;499;279;823;535;988;342;163;270;377;576;474;610;318;83;553;152;420;124;116;672;542;12;363;651;668;884;63;67;818;450;455;119;177;131;964;176;814;985;932;380;565;7;902;406;828;247;708;636;30;33;509;249;863;115;141;593;881;384;282
316;4;386;738;316;684;893;520;433;265;230;167;900;934;442;818;256;915;314;192;939;360;331;155;320;342;749;686;582;971;991;879;73;543;325;704;703;599;322;314;924;721;112;164;975;662;915;650;880;699;947;910;275;717;451;935;373;31;597;463;872;728;115;871;728;781;750;804;249;128;487;405;321;193;249;464;163;994;640;599;440;928;683;561;252;668;274;950;57;948;767;74;45;300;442;414;134;479;666;395
927;428;21;255;828;81;124;164;231;91;398;88;742;110;65;33;934;866;167;660;443;732;628;276;306;808;152;411;399;261;669;771;136;188;794;196;783;574;502;333;960;519;53;173;543;322;192;137;957;424;609;311;464;854;61;708;318;591;259;762;742;145;536;409;959;909;598;500;383;399;108;506;669;211;948;126;939;811;618;813;660;990;991;222;168;267;67;114;377;494;218;161;254;928;504;144;494;733;892;888
391;845;819;796;121;899;68;863;254;57;915;733;24;190;904;481;500;838;342;815;455;600;602;83;174;243;912;249;524;544;426;172;735;842;506;133;613;800;600;138;196;275;197;432;369;63;654;897;936;579;623;969;550;40;703;371;718;321;569;188;991;828;681;345;55;232;187;575;197;782;975;852;317;722;947;558;574;943;145;224;221;334;794;417;522;655;940;133;707;172;255;790;34;966;254;588;123;676;4;705
280;465;608;181;521;170;131;908;327;326;151;568;344;506;680;897;332;14;531;690;130;645;612;983;661;971;656;863;294;339;386;630;936;391;242;916;875;427;992;45;773;937;350;308;357;617;551;688;725;359;5;304;859;705;136;492;610;514;228;677;761;882;28;107;90;509;328;132;471;706;444;352;577;545;437;120;671;773;185;34;584;628;874;331;760;593;76;687;684;271;302;97;55;128;184;933;458;210;570;101
771;684;654;235;150;873;145;334;75;121;197;462;993;132;684;406;788;540;269;16;628;634;941;944;529;451;546;261;26;119;617;921;180;231;416;313;71;948;997;58;511;864;381;934;540;105;463;869;237;182;277;221;925;322;640;390;212;672;419;983;568;33;754;478;640;138;160;467;987;202;650;589;528;606;880;304;200;167;660;85;318;520;682;701;401;883;851;625;665;963;48;744;787;266;740;662;580;943;898;681
494;482;60;449;959;795;41;515;45;254;841;723;42;771;944;459;958;694;665;673;276;772;970;151;470;278;165;225;463;640;680;748;36;376;389;139;489;666;109;86;389;413;630;99;416;475;26;568;683;437;801;781;353;168;893;526;389;622;803;701;902;908;451;925;930;92;257;748;275;810;85;81;281;765;32;95;235;887;337;522;844;794;689;776;944;873;576;101;193;809;382;847;572;904;661;4;906;519;862;518
46;978;663;122;155;587;864;592;44;733;955;286;62;37;922;326;911;966;594;320;76;691;305;102;997;528;981;57;426;289;656;658;360;575;437;646;852;968;244;838;711;723;696;341;265;932;494;418;714;846;205;466;382;799;561;390;221;940;10;251;146;129;683;830;745;809;623;712;930;71;13;932;745;24;685;624;869;585;534;438;631;796;718;985;911;974;726;296;152;785;402;455;947;358;166;662;922;211;88;283
234;804;427;183;587;546;257;543;686;700;781;618;905;78;831;849;797;783;63;571;168;304;884;786;386;430;612;539;49;761;889;640;863;161;994;907;435;859;206;599;978;590;99;474;229;402;948;630;624;25;847;449;93;320;267;963;871;76;734;236;674;691;310;692;484;876;651;621;381;536;574;999;864;418;585;579;132;820;689;700;622;204;36;93;164;187;742;344;892;706;996;583;107;103;434;436;623;850;359;938
468;959;32;725;145;628;913;688;766;834;676;588;22;470;155;390;421;422;255;722;799;487;745;319;308;110;467;935;118;672;619;306;850;132;861;990;438;431;517;745;671;922;946;439;931;929;2;945;15;975;9;664;159;466;915;265;653;381;682;624;659;264;196;844;826;319;629;500;849;628;842;567;242;640;802;184;56;547;156;832;112;223;381;864;890;84;664;156;739;675;475;64;705;926;531;201;124;62;410;471
134;874;979;286;777;120;503;998;599;890;17;615;945;243;147;989;778;221;3;957;736;18;172;194;287;584;564;229;63;380;384;818;398;712;640;212;201;471;256;66;668;843;330;100;482;717;854;921;507;606;671;856;756;642;116;729;330;301;202;635;785;890;354;587;269;622;341;54;522;635;942;13;54;831;237;567;639;407;565;191;933;595;278;448;563;969;479;673;169;328;109;574;308;48;44;761;103;277;794;920
886;732;782;445;132;469;667;1;551;173;95;48;574;271;179;496;709;302;411;631;162;883;30;70;407;771;146;915;122;605;261;270;931;912;443;945;702;467;655;970;754;513;418;60;42;425;965;951;316;385;2;948;639;44;597;760;779;928;336;650;197;161;331;812;132;379;182;291;87;183;833;549;877;31;81;294;286;4;77;385;911;546;508;440;279;586;344;949;569;251;672;731;446;452;655;93;507;900;696;5
457;514;508;995;725;588;12;12;463;233;352;923;485;836;973;376;274;84;598;608;268;777;394;695;191;15;481;558;605;998;606;50;868;423;282;296;507;632;776;473;123;29;903;454;62;987;118;233;480;609;63;445;165;845;11;30;423;589;440;381;680;323;201;468;131;52;651;485;786;469;833;535;943;99;357;881;552;771;92;817;956;121;544;672;34;28;985;517;634;220;688;505;441;115;823;120;44;348;924;726
841;142;937;435;917;409;949;57;594;85;346;446;609;751;699;734;676;379;969;31;579;469;647;743;715;207;948;660;983;558;124;307;907;463;147;68;516;862;739;362;973;591;241;558;526;39;155;812;977;752;303;516;380;35;121;211;746;299;446;707;357;365;838;400;750;688;376;773;60;310;428;762;29;711;696;80;325;336;782;856;94;866;275;192;295;786;977;134;859;923;77;209;531;553;139;941;40;657;407;468
123;756;408;562;104;137;510;999;221;421;935;407;759;745;798;723;396;921;499;69;817;246;720;10;938;480;863;760;352;233;113;398;122;162;244;929;448;648;796;768;601;696;686;777;619;788;506;604;870;914;483;887;720;712;560;781;39;9;390;681;831;287;438;727;815;904;342;570;701;884;631;366;275;478;16;819;170;5;965;351;315;101;523;53;667;476;804;685;759;559;572;336;412;1;661;588;100;121;587;365
688;725;71;54;787;766;128;457;721;82;418;792;75;178;21;19;100;251;898;859;53;200;221;453;866;232;268;174;417;280;843;757;545;604;268;154;413;279;959;381;579;45;638;232;202;882;928;314;573;844;682;458;554;42;988;585;511;255;853;976;365;65;780;879;399;950;175;924;719;755;57;195;641;278;482;196;777;492;780;854;399;546;717;598;868;281;136;379;612;811;142;877;810;306;97;412;881;174;85;23
533;901;765;422;747;874;133;233;534;306;245;62;882;261;529;886;36;103;536;91;398;511;990;907;692;815;376;612;854;852;806;84;736;228;448;762;145;697;238;481;327;185;999;42;647;71;692;356;47;966;935;526;188;446;249;126;790;622;811;27;502;632;29;120;156;54;305;370;370;761;603;406;330;908;603;790;565;576;713;630;535;333;506;355;394;474;689;384;426;935;626;652;6;85;602;789;57;168;505;150
691;911;775;779;914;358;620;309;632;334;755;296;339;706;467;658;89;369;351;165;470;412;178;485;47;845;590;338;19;337;249;315;984;481;700;993;570;670;749;5;295;473;842;833;156;804;64;20;486;391;821;631;238;567;267;360;238;851;82;927;128;147;476;560;780;272;564;105;917;246;150;766;588;597;643;811;391;81;571;348;437;217;754;854;21;916;770;705;477;590;260;30;541;665;663;951;527;926;429;117
70;540;302;832;333;750;840;300;470;145;240;695;383;336;304;129;874;830;318;61;906;970;659;253;375;496;876;803;419;503;95;473;77;438;85;946;672;220;696;884;419;394;935;565;871;898;13;39;173;339;275;247;5;254;796;686;769;325;489;585;920;672;992;579;986;987;429;184;813;837;825;682;26;1;226;540;142;437;405;122;906;358;22;987;646;167;677;256;37;636;73;488;502;942;767;664;302;462;5;139
722;629;278;613;738;371;412;106;510;622;84;661;819;622;604;472;22;921;277;674;753;779;16;806;860;27;895;371;636;381;994;726;456;188;137;635;848;844;672;337;64;207;357;375;152;93;971;569;149;814;684;628;156;356;95;527;216;294;906;451;406;860;919;461;170;25;535;499;434;537;837;939;376;878;712;952;484;675;876;530;724;848;283;815;332;534;747;28;938;547;442;2;649;498;790;363;998;171;396;235
453;201;8;382;565;758;859;511;471;112;98;292;432;785;461;986;97;768;580;297;837;439;378;269;79;592;877;422;530;354;46;663;790;831;654;939;780;902;865;276;540;571;671;19;603;649;731;665;644;527;860;793;607;341;986;432;108;16;647;92;216;209;817;189;172;11;6;143;580;440;759;931;119;459;348;303;312;107;342;260;982;872;36;591;264;54;827;633;801;879;91;919;639;553;652;597;651;933;447;218
